{"cameraMode":{"drawMode":0,"name":"Shaded","section":"Shading Mode"},"sceneLighting":true,"audioPlay":false,"sceneViewState":{"showFog":false,"showMaterialUpdate":false,"showSkybox":false,"showFlares":false,"showImageEffects":false,"showParticleSystems":false},"in2DMode":false,"pivot":{"x":194.4429168701172,"y":7.583098888397217,"z":191.79112243652345},"rotation":{"x":0.08837815374135971,"y":-0.08713468164205551,"z":0.008038084022700787,"w":0.9927877187728882},"size":1.9757661819458008,"orthographic":false}